status,approach,model_slug,device_profile,runtime_device,runtime_dtype,gpu_name,prompt_strategy,seed,examples_evaluated,precision,recall,f1,accuracy,tp,fp,fn,successful_requests,failed_requests,valid_json_requests,schema_valid_requests,truncated_requests,parse_failures,rejected_prediction_reasons,finish_reasons,error_taxonomy,latency_mean_ms,latency_median_ms,latency_p90_ms,latency_p95_ms,latency_p99_ms,requests_per_second,scoring_protocol,latency_protocol
completed,llm_http,aya-expanse-8b,gpu,cuda,,,one-shot,1771,1000,0.021604171840079463,0.028846153846153848,0.024705381229589665,0.6816208393632417,87,3940,2929,1000,0,994,28,6,"{""invalid_json"": 6}","{""invalid_label"": 284, ""missing_fields"": 1, ""out_of_range_indices"": 103, ""text_mismatch"": 3284}","{""length"": 6, ""stop"": 994}","{""boundary_and_label_error"": 70, ""boundary_error"": 65, ""label_error"": 12, ""missing_entity"": 2782, ""rejected_prediction"": 3672, ""spurious_prediction"": 121}",1474.4788314330003,1319.3872595,2615.9732641000005,3206.7836827999986,4619.763014999999,0.6782057352618152,exact_token_span_v1,localhost_http_batch1_concurrency1_v1
completed,llm_http,aya-expanse-8b,gpu,cuda,,,one-shot,2401,1000,0.028111273792093706,0.03183023872679045,0.029855387964546728,0.682836468885673,96,3319,2920,1000,0,1000,44,0,{},"{""invalid_label"": 215, ""out_of_range_indices"": 46, ""text_mismatch"": 2791}","{""stop"": 1000}","{""boundary_and_label_error"": 75, ""boundary_error"": 70, ""label_error"": 20, ""missing_entity"": 2755, ""rejected_prediction"": 3052, ""spurious_prediction"": 102}",1260.9507354110006,1090.4950285,2295.9060015000005,2802.7894478999992,3566.63713793,0.7930523944490623,exact_token_span_v1,localhost_http_batch1_concurrency1_v1
completed,llm_http,aya-expanse-8b,gpu,cuda,,,one-shot,42,1000,0.05928853754940711,0.05968169761273209,0.059484467944481166,0.7027496382054993,180,2856,2836,1000,0,993,146,7,"{""invalid_json"": 7}","{""invalid_label"": 188, ""out_of_range_indices"": 51, ""text_mismatch"": 2233}","{""length"": 7, ""stop"": 993}","{""boundary_and_label_error"": 49, ""boundary_error"": 122, ""label_error"": 43, ""missing_entity"": 2622, ""rejected_prediction"": 2472, ""spurious_prediction"": 170}",1128.825388744999,814.6990745,2129.2798984,2765.911704499999,4772.781635089999,0.8858766023253394,exact_token_span_v1,localhost_http_batch1_concurrency1_v1
completed,llm_http,aya-expanse-8b,gpu,cuda,,,three-shot,1771,1000,0.05620014503263234,0.10278514588859416,0.07266760431317393,0.6746164978292329,310,5206,2706,1000,0,930,24,70,"{""invalid_json"": 70}","{""invalid_label"": 544, ""out_of_range_indices"": 28, ""text_mismatch"": 3845}","{""length"": 70, ""stop"": 930}","{""boundary_and_label_error"": 137, ""boundary_error"": 111, ""label_error"": 59, ""missing_entity"": 2399, ""rejected_prediction"": 4417, ""spurious_prediction"": 482}",2346.5734461690026,2025.6866915,4344.483847300002,5221.364474149999,5228.69163146,0.4261532924241481,exact_token_span_v1,localhost_http_batch1_concurrency1_v1
completed,llm_http,aya-expanse-8b,gpu,cuda,,,three-shot,2401,1000,0.04328152665748574,0.07294429708222812,0.05432769477713299,0.6688277858176556,220,4863,2796,1000,0,970,20,30,"{""invalid_json"": 30}","{""invalid_label"": 489, ""out_of_range_indices"": 11, ""text_mismatch"": 3681}","{""length"": 30, ""stop"": 970}","{""boundary_and_label_error"": 124, ""boundary_error"": 102, ""label_error"": 48, ""missing_entity"": 2522, ""rejected_prediction"": 4181, ""spurious_prediction"": 408}",1974.1380515699993,1686.9143490000001,3647.437656200001,4518.743056149998,5216.97268114,0.5065501874120285,exact_token_span_v1,localhost_http_batch1_concurrency1_v1
completed,llm_http,aya-expanse-8b,gpu,cuda,,,three-shot,42,1000,0.07628262826282628,0.11240053050397877,0.09088471849865952,0.703849493487699,339,4105,2677,1000,0,971,50,29,"{""invalid_json"": 29}","{""invalid_label"": 375, ""out_of_range_indices"": 16, ""text_mismatch"": 3165}","{""length"": 29, ""stop"": 971}","{""boundary_and_label_error"": 93, ""boundary_error"": 106, ""label_error"": 87, ""missing_entity"": 2391, ""rejected_prediction"": 3556, ""spurious_prediction"": 263}",1736.4211431220012,1409.3824559999998,3378.6696358,4176.09449315,5230.19561521,0.5758971571850642,exact_token_span_v1,localhost_http_batch1_concurrency1_v1
completed,llm_http,aya-expanse-8b,gpu,cuda,,,zero-shot,fixed,1000,0.007087172218284904,0.006631299734748011,0.00685166152792052,0.6934298118668596,20,2802,2996,1000,0,986,17,14,"{""invalid_json"": 14}","{""invalid_label"": 127, ""out_of_range_indices"": 144, ""text_mismatch"": 2495}","{""length"": 14, ""stop"": 986}","{""boundary_and_label_error"": 7, ""boundary_error"": 15, ""label_error"": 2, ""missing_entity"": 2972, ""rejected_prediction"": 2766, ""spurious_prediction"": 12}",1747.331284127002,1687.2189250000001,2960.4195673000004,3509.253120349999,5176.47616715,0.5723013197807065,exact_token_span_v1,localhost_http_batch1_concurrency1_v1
completed,llm_http,gemma-3-12b-it,gpu,cuda,,,one-shot,1771,1000,0.2363452461227242,0.23242705570291777,0.23436977599465061,0.7601736613603474,701,2265,2315,1000,0,999,428,1,"{""invalid_json"": 1}","{""invalid_label"": 22, ""out_of_range_indices"": 15, ""text_mismatch"": 1384}","{""length"": 1, ""stop"": 999}","{""boundary_and_label_error"": 192, ""boundary_error"": 229, ""label_error"": 136, ""missing_entity"": 1758, ""rejected_prediction"": 1421, ""spurious_prediction"": 287}",1611.5504211140008,1227.8413165000002,3250.7506111000007,4132.2770756,5489.3074907499995,0.620520454649343,exact_token_span_v1,localhost_http_batch1_concurrency1_v1
completed,llm_http,gemma-3-12b-it,gpu,cuda,,,one-shot,2401,1000,0.24476987447698745,0.23275862068965517,0.23861318830727393,0.7655571635311144,702,2166,2314,1000,0,999,350,1,"{""invalid_json"": 1}","{""invalid_label"": 27, ""out_of_range_indices"": 8, ""overlapping_prediction"": 2, ""text_mismatch"": 1591}","{""length"": 1, ""stop"": 999}","{""boundary_and_label_error"": 146, ""boundary_error"": 161, ""label_error"": 82, ""missing_entity"": 1925, ""rejected_prediction"": 1628, ""spurious_prediction"": 149}",1586.4016296560014,1247.721293,3183.7232435,3976.8931092999987,5570.301762049999,0.6303573958234284,exact_token_span_v1,localhost_http_batch1_concurrency1_v1
completed,llm_http,gemma-3-12b-it,gpu,cuda,,,one-shot,42,1000,0.21678321678321677,0.22612732095490717,0.2213567023693606,0.7536324167872648,682,2464,2334,1000,0,998,610,2,"{""invalid_json"": 2}","{""invalid_label"": 23, ""out_of_range_indices"": 19, ""text_mismatch"": 987}","{""length"": 2, ""stop"": 998}","{""boundary_and_label_error"": 299, ""boundary_error"": 400, ""label_error"": 107, ""missing_entity"": 1528, ""rejected_prediction"": 1029, ""spurious_prediction"": 629}",1672.1342805620004,1180.515326,3512.4285967,4589.406708299999,6100.13770134,0.5980380951605767,exact_token_span_v1,localhost_http_batch1_concurrency1_v1
completed,llm_http,gemma-3-12b-it,gpu,cuda,,,three-shot,1771,1000,0.3418774966711052,0.34051724137931033,0.34119601328903654,0.7888277858176556,1027,1977,1989,1000,0,999,544,1,"{""invalid_json"": 1}","{""invalid_label"": 34, ""overlapping_prediction"": 1, ""text_mismatch"": 895}","{""length"": 1, ""stop"": 999}","{""boundary_and_label_error"": 292, ""boundary_error"": 278, ""label_error"": 115, ""missing_entity"": 1304, ""rejected_prediction"": 930, ""spurious_prediction"": 362}",1688.6657358160019,1296.7566769999999,3322.4681914000007,4051.9873372999996,5390.598546889999,0.5921835084293797,exact_token_span_v1,localhost_http_batch1_concurrency1_v1
completed,llm_http,gemma-3-12b-it,gpu,cuda,,,three-shot,2401,1000,0.387298747763864,0.4307029177718833,0.40784929356357924,0.799479015918958,1299,2055,1717,1000,0,1000,568,0,{},"{""invalid_label"": 26, ""overlapping_prediction"": 1, ""text_mismatch"": 721}","{""stop"": 1000}","{""boundary_and_label_error"": 353, ""boundary_error"": 236, ""label_error"": 155, ""missing_entity"": 973, ""rejected_prediction"": 748, ""spurious_prediction"": 563}",1840.7597015799993,1631.3577854999999,3583.0931380000006,4248.6701299999995,5662.127483109999,0.543253961471266,exact_token_span_v1,localhost_http_batch1_concurrency1_v1
completed,llm_http,gemma-3-12b-it,gpu,cuda,,,three-shot,42,1000,0.3855855855855856,0.3547745358090186,0.3695389397340701,0.7884225759768452,1070,1705,1946,1000,0,999,703,1,"{""invalid_json"": 1}","{""invalid_label"": 15, ""text_mismatch"": 492}","{""length"": 1, ""stop"": 999}","{""boundary_and_label_error"": 326, ""boundary_error"": 317, ""label_error"": 119, ""missing_entity"": 1184, ""rejected_prediction"": 507, ""spurious_prediction"": 436}",1574.0071325119984,1236.3276165000002,3102.0763979999997,3751.9801763,5350.432716619999,0.6353211363178985,exact_token_span_v1,localhost_http_batch1_concurrency1_v1
completed,llm_http,gemma-3-12b-it,gpu,cuda,,,zero-shot,fixed,1000,0.07645968489341984,0.054708222811671085,0.06378044066486277,0.7128798842257598,165,1993,2851,1000,0,1000,252,0,{},"{""invalid_label"": 16, ""out_of_range_indices"": 56, ""text_mismatch"": 1781}","{""stop"": 1000}","{""boundary_and_label_error"": 34, ""boundary_error"": 51, ""label_error"": 16, ""missing_entity"": 2750, ""rejected_prediction"": 1853, ""spurious_prediction"": 39}",1204.730153105999,640.5031939999999,2897.2601429,3639.8619820999993,5289.4956258600005,0.8300614020673676,exact_token_span_v1,localhost_http_batch1_concurrency1_v1
completed,llm_http,gemma-3-4b-it,gpu,cuda,,,one-shot,1771,1000,0.11498530852105779,0.19462864721485412,0.1445634774042606,0.6771056439942112,587,4518,2429,1000,0,944,420,56,"{""invalid_json"": 56}","{""invalid_label"": 81, ""missing_fields"": 2, ""out_of_range_indices"": 87, ""text_mismatch"": 1361}","{""length"": 56, ""stop"": 944}","{""boundary_and_label_error"": 384, ""boundary_error"": 409, ""label_error"": 253, ""missing_entity"": 1383, ""rejected_prediction"": 1531, ""spurious_prediction"": 1941}",1192.0873478869996,971.1785950000001,2472.1072984000007,3120.9759364,3128.0854069699994,0.8388647038092648,exact_token_span_v1,localhost_http_batch1_concurrency1_v1
completed,llm_http,gemma-3-4b-it,gpu,cuda,,,one-shot,2401,1000,0.1328722242446305,0.12102122015915119,0.12667013708138122,0.7185528219971057,365,2382,2651,1000,0,997,274,3,"{""invalid_json"": 3}","{""invalid_label"": 26, ""out_of_range_indices"": 58, ""text_mismatch"": 1660}","{""length"": 3, ""stop"": 997}","{""boundary_and_label_error"": 130, ""boundary_error"": 153, ""label_error"": 99, ""missing_entity"": 2269, ""rejected_prediction"": 1744, ""spurious_prediction"": 256}",614.2419633659991,476.0711655,1178.4818165000001,1452.5482620999996,2177.5792026099994,1.6280229284890864,exact_token_span_v1,localhost_http_batch1_concurrency1_v1
completed,llm_http,gemma-3-4b-it,gpu,cuda,,,one-shot,42,1000,0.17452667814113598,0.16810344827586207,0.17125485559871642,0.7305933429811867,507,2398,2509,1000,0,993,609,7,"{""invalid_json"": 7}","{""invalid_label"": 16, ""out_of_range_indices"": 54, ""text_mismatch"": 709}","{""length"": 7, ""stop"": 993}","{""boundary_and_label_error"": 289, ""boundary_error"": 428, ""label_error"": 159, ""missing_entity"": 1633, ""rejected_prediction"": 779, ""spurious_prediction"": 743}",649.8340009829994,481.9529605,1207.3503246,1596.0428008999997,2839.7407335099997,1.538854535908104,exact_token_span_v1,localhost_http_batch1_concurrency1_v1
completed,llm_http,gemma-3-4b-it,gpu,cuda,,,three-shot,1771,1000,0.11895302640803926,0.16876657824933686,0.13954763536668952,0.7040810419681621,509,3770,2507,1000,0,986,254,14,"{""invalid_json"": 14}","{""invalid_label"": 13, ""missing_fields"": 2, ""out_of_range_indices"": 56, ""text_mismatch"": 2066}","{""length"": 14, ""stop"": 986}","{""boundary_and_label_error"": 241, ""boundary_error"": 272, ""label_error"": 197, ""missing_entity"": 1797, ""rejected_prediction"": 2137, ""spurious_prediction"": 923}",936.293645665,801.2612165,1720.2251716,2201.7971100499994,3172.9513062,1.0680409982807826,exact_token_span_v1,localhost_http_batch1_concurrency1_v1
completed,llm_http,gemma-3-4b-it,gpu,cuda,,,three-shot,2401,1000,0.13107996702390767,0.21087533156498675,0.16166751398068127,0.6931982633863966,636,4216,2380,1000,0,969,212,31,"{""invalid_json"": 31}","{""duplicate_prediction"": 2, ""invalid_label"": 77, ""out_of_range_indices"": 66, ""text_mismatch"": 2152}","{""length"": 31, ""stop"": 969}","{""boundary_and_label_error"": 249, ""boundary_error"": 222, ""label_error"": 220, ""missing_entity"": 1689, ""rejected_prediction"": 2297, ""spurious_prediction"": 1228}",1095.7435601880009,871.968447,2044.3527185,2545.1081795999985,3166.9992385200003,0.9126222925995807,exact_token_span_v1,localhost_http_batch1_concurrency1_v1
completed,llm_http,gemma-3-4b-it,gpu,cuda,,,three-shot,42,1000,0.21422523285351397,0.251657824933687,0.23143771916450678,0.7303039073806078,759,2784,2257,1000,0,992,536,8,"{""invalid_json"": 8}","{""invalid_label"": 17, ""missing_fields"": 1, ""out_of_range_indices"": 15, ""text_mismatch"": 849}","{""length"": 8, ""stop"": 992}","{""boundary_and_label_error"": 337, ""boundary_error"": 405, ""label_error"": 217, ""missing_entity"": 1298, ""rejected_prediction"": 882, ""spurious_prediction"": 943}",773.8801173410003,617.974253,1461.0416868000002,1795.35644605,2978.611495819999,1.2921898076874392,exact_token_span_v1,localhost_http_batch1_concurrency1_v1
completed,llm_http,gemma-3-4b-it,gpu,cuda,,,zero-shot,fixed,1000,0.11166833834837847,0.11074270557029178,0.1112035958048943,0.7096382054992764,334,2657,2682,1000,0,958,389,42,"{""invalid_json"": 42}","{""invalid_label"": 40, ""missing_fields"": 1, ""out_of_range_indices"": 169, ""text_mismatch"": 1185}","{""length"": 42, ""stop"": 958}","{""boundary_and_label_error"": 252, ""boundary_error"": 304, ""label_error"": 147, ""missing_entity"": 1979, ""rejected_prediction"": 1395, ""spurious_prediction"": 559}",748.1467664039999,599.6492685000001,1379.5696478,2571.401952949999,3110.50733029,1.336636131980552,exact_token_span_v1,localhost_http_batch1_concurrency1_v1
completed,llm_http,phi-4-mini-instruct,gpu,cuda,,,one-shot,1771,1000,0.04067443073179211,0.07758620689655173,0.05336982552172426,0.6461939218523879,234,5519,2782,1000,0,955,152,45,"{""invalid_json"": 45}","{""invalid_label"": 307, ""missing_fields"": 31, ""non_integer_indices"": 9, ""out_of_range_indices"": 5, ""overlapping_prediction"": 2, ""text_mismatch"": 3613}","{""length"": 45, ""stop"": 955}","{""boundary_and_label_error"": 278, ""boundary_error"": 246, ""label_error"": 102, ""missing_entity"": 2156, ""rejected_prediction"": 3967, ""spurious_prediction"": 926}",1116.0442522750004,1002.913484,2180.0394355,2782.1726824999996,2995.65434793,0.8960218180968631,exact_token_span_v1,localhost_http_batch1_concurrency1_v1
completed,llm_http,phi-4-mini-instruct,gpu,cuda,,,one-shot,2401,1000,0.0484903934126258,0.05271883289124669,0.05051628276409849,0.6820260492040521,159,3120,2857,1000,0,978,463,22,"{""invalid_json"": 22}","{""invalid_label"": 270, ""missing_fields"": 11, ""non_integer_indices"": 3, ""out_of_range_indices"": 7, ""overlapping_prediction"": 1, ""text_mismatch"": 1992}","{""length"": 22, ""stop"": 978}","{""boundary_and_label_error"": 146, ""boundary_error"": 153, ""label_error"": 80, ""missing_entity"": 2478, ""rejected_prediction"": 2284, ""spurious_prediction"": 457}",662.1532943020005,396.3857405,1773.1290915,2292.4414979999992,3010.33002457,1.510224306977338,exact_token_span_v1,localhost_http_batch1_concurrency1_v1
completed,llm_http,phi-4-mini-instruct,gpu,cuda,,,one-shot,42,1000,0.06533776301218161,0.07824933687002653,0.0712130356065178,0.6913458755426918,236,3376,2780,1000,0,933,497,65,"{""invalid_json"": 67}","{""invalid_label"": 403, ""missing_fields"": 12, ""non_integer_indices"": 7, ""out_of_range_indices"": 9, ""text_mismatch"": 1671}","{""length"": 65, ""stop"": 933}","{""boundary_and_label_error"": 193, ""boundary_error"": 222, ""label_error"": 97, ""missing_entity"": 2268, ""rejected_prediction"": 2102, ""spurious_prediction"": 762}",817.8235637450007,371.98300200000006,2451.04542,2994.63079845,3013.9549907600003,1.2227576268660834,exact_token_span_v1,localhost_http_batch1_concurrency1_v1
completed,llm_http,phi-4-mini-instruct,gpu,cuda,,,three-shot,1771,1000,0.055376501611485496,0.0626657824933687,0.05879608026131591,0.6819681620839363,189,3224,2827,1000,0,967,578,33,"{""invalid_json"": 33}","{""invalid_label"": 152, ""missing_fields"": 29, ""non_integer_indices"": 14, ""out_of_range_indices"": 7, ""overlapping_prediction"": 1, ""text_mismatch"": 1934}","{""length"": 33, ""stop"": 967}","{""boundary_and_label_error"": 178, ""boundary_error"": 188, ""label_error"": 88, ""missing_entity"": 2373, ""rejected_prediction"": 2137, ""spurious_prediction"": 633}",738.6990948749994,85.107663,2136.5998222000003,2661.7275721499996,3147.98162759,1.353731183560225,exact_token_span_v1,localhost_http_batch1_concurrency1_v1
completed,llm_http,phi-4-mini-instruct,gpu,cuda,,,three-shot,2401,1000,0.06110458284371328,0.08620689655172414,0.07151698528400495,0.6686541244573082,260,3995,2756,1000,0,969,468,31,"{""invalid_json"": 31}","{""invalid_label"": 266, ""missing_fields"": 12, ""non_integer_indices"": 6, ""out_of_range_indices"": 1, ""text_mismatch"": 2341}","{""length"": 31, ""stop"": 969}","{""boundary_and_label_error"": 212, ""boundary_error"": 183, ""label_error"": 91, ""missing_entity"": 2270, ""rejected_prediction"": 2626, ""spurious_prediction"": 883}",862.5379683940002,591.5504115,2187.9663828000007,2737.2446496499997,3111.9247286400005,1.1593692528827997,exact_token_span_v1,localhost_http_batch1_concurrency1_v1
completed,llm_http,phi-4-mini-instruct,gpu,cuda,,,three-shot,42,1000,0.08687700045724737,0.0629973474801061,0.07303478762252547,0.6957452966714905,190,1997,2826,1000,0,984,758,16,"{""invalid_json"": 16}","{""invalid_label"": 179, ""non_integer_indices"": 3, ""text_mismatch"": 909}","{""length"": 16, ""stop"": 984}","{""boundary_and_label_error"": 164, ""boundary_error"": 186, ""label_error"": 80, ""missing_entity"": 2396, ""rejected_prediction"": 1091, ""spurious_prediction"": 476}",482.33402597799983,84.1047205,1790.3784071000002,2239.829486999999,3146.12235299,2.073252033116179,exact_token_span_v1,localhost_http_batch1_concurrency1_v1
completed,llm_http,phi-4-mini-instruct,gpu,cuda,,,zero-shot,fixed,1000,0.08722856091277144,0.07858090185676393,0.08267922553636839,0.7004341534008683,237,2480,2779,1000,0,905,295,95,"{""invalid_json"": 95}","{""duplicate_prediction"": 2, ""invalid_label"": 86, ""out_of_range_indices"": 10, ""text_mismatch"": 1489}","{""length"": 95, ""stop"": 905}","{""boundary_and_label_error"": 176, ""boundary_error"": 190, ""label_error"": 106, ""missing_entity"": 2307, ""rejected_prediction"": 1587, ""spurious_prediction"": 421}",1047.384694971999,663.0168189999999,2816.0308387000005,2946.8437004,2961.20612536,0.954759034383956,exact_token_span_v1,localhost_http_batch1_concurrency1_v1
completed,llm_http,qwen3-0.6b,gpu,cuda,,,one-shot,1771,1000,0.02221241541629891,0.05006631299734748,0.03077236600774404,0.6083936324167872,151,6647,2865,1000,0,793,52,208,"{""invalid_json"": 207}","{""invalid_label"": 235, ""out_of_range_indices"": 14, ""text_mismatch"": 3454}","{""length"": 208, ""stop"": 792}","{""boundary_and_label_error"": 337, ""boundary_error"": 265, ""label_error"": 268, ""missing_entity"": 1995, ""rejected_prediction"": 3703, ""spurious_prediction"": 2074}",648.6365284110004,597.3165735,1075.3406629,1099.7976055,1131.91132543,1.5416954738114326,exact_token_span_v1,localhost_http_batch1_concurrency1_v1
completed,llm_http,qwen3-0.6b,gpu,cuda,,,one-shot,2401,1000,0.029104051740536426,0.05072944297082228,0.036987791611265565,0.6390159189580319,153,5104,2863,1000,0,890,131,110,"{""invalid_json"": 110}","{""invalid_label"": 172, ""out_of_range_indices"": 5, ""text_mismatch"": 2788}","{""length"": 110, ""stop"": 890}","{""boundary_and_label_error"": 250, ""boundary_error"": 225, ""label_error"": 191, ""missing_entity"": 2197, ""rejected_prediction"": 2965, ""spurious_prediction"": 1473}",461.6661358130004,363.13295949999997,1046.1862083,1074.9718825,1101.7884969400002,2.166067472631464,exact_token_span_v1,localhost_http_batch1_concurrency1_v1
completed,llm_http,qwen3-0.6b,gpu,cuda,,,one-shot,42,1000,0.051381998582565556,0.04807692307692308,0.049674546077423776,0.6778002894356006,145,2677,2871,1000,0,970,362,30,"{""invalid_json"": 30}","{""invalid_label"": 101, ""out_of_range_indices"": 5, ""text_mismatch"": 1077}","{""length"": 30, ""stop"": 970}","{""boundary_and_label_error"": 191, ""boundary_error"": 239, ""label_error"": 166, ""missing_entity"": 2275, ""rejected_prediction"": 1183, ""spurious_prediction"": 898}",229.75659924700003,105.8072435,621.0115857000001,869.4140926499997,1080.36451652,4.352432109795241,exact_token_span_v1,localhost_http_batch1_concurrency1_v1
completed,llm_http,qwen3-0.6b,gpu,cuda,,,three-shot,1771,1000,0.026395499783643445,0.0606763925729443,0.03678761684591417,0.598205499276411,183,6750,2833,1000,0,715,73,288,"{""invalid_json"": 285}","{""invalid_label"": 188, ""missing_fields"": 11, ""not_an_object"": 1, ""out_of_range_indices"": 15, ""text_mismatch"": 3098}","{""length"": 288, ""stop"": 712}","{""boundary_and_label_error"": 329, ""boundary_error"": 243, ""label_error"": 361, ""missing_entity"": 1900, ""rejected_prediction"": 3313, ""spurious_prediction"": 2504}",733.9646342670001,746.5017315,1081.7618031000002,1097.1378529,1124.9933000699998,1.3624634666473892,exact_token_span_v1,localhost_http_batch1_concurrency1_v1
completed,llm_http,qwen3-0.6b,gpu,cuda,,,three-shot,2401,1000,0.03399626041135475,0.06631299734748011,0.044948870659624676,0.6294066570188133,200,5683,2816,1000,0,907,86,96,"{""invalid_json"": 93}","{""invalid_label"": 150, ""missing_fields"": 2, ""not_an_object"": 4, ""out_of_range_indices"": 5, ""text_mismatch"": 2908}","{""length"": 96, ""stop"": 904}","{""boundary_and_label_error"": 316, ""boundary_error"": 219, ""label_error"": 303, ""missing_entity"": 1978, ""rejected_prediction"": 3069, ""spurious_prediction"": 1776}",480.3717840939996,371.54488249999997,1045.7781215,1072.1698577,1110.65648866,2.0817209359747055,exact_token_span_v1,localhost_http_batch1_concurrency1_v1
completed,llm_http,qwen3-0.6b,gpu,cuda,,,three-shot,42,1000,0.052795031055900624,0.07327586206896551,0.061371841155234655,0.668712011577424,221,3965,2795,1000,0,971,174,29,"{""invalid_json"": 29}","{""invalid_label"": 199, ""missing_fields"": 2, ""out_of_range_indices"": 14, ""text_mismatch"": 1849}","{""length"": 29, ""stop"": 971}","{""boundary_and_label_error"": 274, ""boundary_error"": 295, ""label_error"": 228, ""missing_entity"": 1998, ""rejected_prediction"": 2064, ""spurious_prediction"": 1104}",311.36681910700014,217.5440575,715.4072933,955.3610352999998,1080.55142614,3.2116460028335694,exact_token_span_v1,localhost_http_batch1_concurrency1_v1
completed,llm_http,qwen3-0.6b,gpu,cuda,,,zero-shot,fixed,1000,0.11139240506329114,0.04376657824933687,0.06284218043323019,0.6831837916063676,132,1053,2884,1000,0,967,855,33,"{""invalid_json"": 33}","{""invalid_label"": 13, ""text_mismatch"": 168}","{""length"": 33, ""stop"": 967}","{""boundary_and_label_error"": 178, ""boundary_error"": 136, ""label_error"": 121, ""missing_entity"": 2449, ""rejected_prediction"": 181, ""spurious_prediction"": 437}",146.7379204010005,99.98272,120.01109699999999,127.68954439999999,1086.34329849,6.8148710113052795,exact_token_span_v1,localhost_http_batch1_concurrency1_v1
completed,llm_http,qwen3-1.7b,gpu,cuda,,,one-shot,1771,1000,0.08269720101781171,0.06465517241379311,0.07257164123557872,0.6949348769898698,195,2163,2821,1000,0,996,479,4,"{""invalid_json"": 4}","{""invalid_label"": 115, ""out_of_range_indices"": 14, ""overlapping_prediction"": 1, ""text_mismatch"": 1462}","{""length"": 4, ""stop"": 996}","{""boundary_and_label_error"": 168, ""boundary_error"": 145, ""label_error"": 86, ""missing_entity"": 2422, ""rejected_prediction"": 1592, ""spurious_prediction"": 172}",289.99285935500046,247.29366,662.4972496000001,866.4038285500001,1248.3878595,3.448360770758946,exact_token_span_v1,localhost_http_batch1_concurrency1_v1
completed,llm_http,qwen3-1.7b,gpu,cuda,,,one-shot,2401,1000,0.08997000999666778,0.08952254641909814,0.08974572045870036,0.7064544138929089,270,2731,2746,1000,0,992,407,8,"{""invalid_json"": 8}","{""invalid_label"": 180, ""out_of_range_indices"": 14, ""text_mismatch"": 1520}","{""length"": 8, ""stop"": 992}","{""boundary_and_label_error"": 280, ""boundary_error"": 211, ""label_error"": 154, ""missing_entity"": 2101, ""rejected_prediction"": 1714, ""spurious_prediction"": 372}",347.1437539920004,317.62167750000003,732.4561925,912.4357179499996,1483.0661913099996,2.8806509940059124,exact_token_span_v1,localhost_http_batch1_concurrency1_v1
completed,llm_http,qwen3-1.7b,gpu,cuda,,,one-shot,42,1000,0.10562613430127042,0.09648541114058355,0.1008490729509617,0.7101013024602026,291,2464,2725,1000,0,974,558,26,"{""invalid_json"": 26}","{""invalid_label"": 118, ""out_of_range_indices"": 8, ""text_mismatch"": 1028}","{""length"": 26, ""stop"": 974}","{""boundary_and_label_error"": 265, ""boundary_error"": 281, ""label_error"": 148, ""missing_entity"": 2031, ""rejected_prediction"": 1154, ""spurious_prediction"": 616}",339.2694909399999,226.727396,787.2339499,1192.08303185,1664.00286873,2.9475093596814186,exact_token_span_v1,localhost_http_batch1_concurrency1_v1
completed,llm_http,qwen3-1.7b,gpu,cuda,,,three-shot,1771,1000,0.08989637305699481,0.11505305039787798,0.10093077370564281,0.6903039073806078,347,3513,2669,1000,0,998,158,2,"{""invalid_json"": 2}","{""invalid_label"": 248, ""out_of_range_indices"": 13, ""overlapping_prediction"": 2, ""text_mismatch"": 2221}","{""length"": 2, ""stop"": 998}","{""boundary_and_label_error"": 251, ""boundary_error"": 206, ""label_error"": 141, ""missing_entity"": 2071, ""rejected_prediction"": 2484, ""spurious_prediction"": 431}",432.36781655900006,364.5079915,790.9342245000001,976.1613688,1272.86913911,2.3128455951196867,exact_token_span_v1,localhost_http_batch1_concurrency1_v1
completed,llm_http,qwen3-1.7b,gpu,cuda,,,three-shot,2401,1000,0.09265421039160482,0.12002652519893899,0.10457893976599741,0.6860202604920406,362,3545,2654,1000,0,995,244,5,"{""invalid_json"": 5}","{""invalid_label"": 274, ""out_of_range_indices"": 6, ""overlapping_prediction"": 2, ""text_mismatch"": 1882}","{""length"": 5, ""stop"": 995}","{""boundary_and_label_error"": 314, ""boundary_error"": 210, ""label_error"": 253, ""missing_entity"": 1877, ""rejected_prediction"": 2164, ""spurious_prediction"": 604}",432.65802477199986,356.9277945,796.9998188,1046.1148739499997,1479.6122179499996,2.31129423873965,exact_token_span_v1,localhost_http_batch1_concurrency1_v1
completed,llm_http,qwen3-1.7b,gpu,cuda,,,three-shot,42,1000,0.09507962918944617,0.13262599469496023,0.1107573030596705,0.6997973950795948,400,3807,2616,1000,0,981,265,19,"{""invalid_json"": 19}","{""invalid_label"": 331, ""out_of_range_indices"": 17, ""text_mismatch"": 1891}","{""length"": 19, ""stop"": 981}","{""boundary_and_label_error"": 289, ""boundary_error"": 275, ""label_error"": 219, ""missing_entity"": 1833, ""rejected_prediction"": 2239, ""spurious_prediction"": 785}",473.592239991,379.0270395,917.8564784,1234.8498124500002,1678.8448384100002,2.111521084084916,exact_token_span_v1,localhost_http_batch1_concurrency1_v1
completed,llm_http,qwen3-1.7b,gpu,cuda,,,zero-shot,fixed,1000,0.06013639181649101,0.03216180371352785,0.0419096997191618,0.6989290882778582,97,1516,2919,1000,0,995,442,6,"{""invalid_json"": 5}","{""invalid_label"": 127, ""out_of_range_indices"": 25, ""text_mismatch"": 1094}","{""length"": 6, ""stop"": 994}","{""boundary_and_label_error"": 92, ""boundary_error"": 58, ""label_error"": 43, ""missing_entity"": 2726, ""rejected_prediction"": 1246, ""spurious_prediction"": 77}",221.97048117399999,155.330703,477.7920329000001,660.0610070999996,1270.4889640799997,4.505103537691176,exact_token_span_v1,localhost_http_batch1_concurrency1_v1
completed,llm_http,qwen3-14b,gpu,cuda,,,one-shot,1771,1000,0.4364746280045784,0.3793103448275862,0.405889657619301,0.8104196816208393,1144,1477,1872,1000,0,1000,748,0,{},"{""invalid_label"": 28, ""overlapping_prediction"": 1, ""text_mismatch"": 368}","{""stop"": 1000}","{""boundary_and_label_error"": 250, ""boundary_error"": 313, ""label_error"": 254, ""missing_entity"": 1055, ""rejected_prediction"": 397, ""spurious_prediction"": 263}",1498.8385053479979,1239.9766935,2963.1762125,3692.7729725999993,4795.456287579999,0.6671832865461523,exact_token_span_v1,localhost_http_batch1_concurrency1_v1
completed,llm_http,qwen3-14b,gpu,cuda,,,one-shot,2401,1000,0.4868725868725869,0.41810344827586204,0.44987513378523014,0.8236758321273516,1261,1329,1755,1000,0,1000,759,0,{},"{""invalid_label"": 39, ""text_mismatch"": 344}","{""stop"": 1000}","{""boundary_and_label_error"": 198, ""boundary_error"": 273, ""label_error"": 205, ""missing_entity"": 1079, ""rejected_prediction"": 383, ""spurious_prediction"": 270}",1508.9983797469995,1286.838583,3015.3480727000006,3604.072551449999,5060.798632339998,0.6626912350745275,exact_token_span_v1,localhost_http_batch1_concurrency1_v1
completed,llm_http,qwen3-14b,gpu,cuda,,,one-shot,42,1000,0.3507640067911715,0.34250663129973474,0.34658614326455295,0.7976266280752533,1033,1912,1983,1000,0,1000,851,0,{},"{""invalid_label"": 37, ""missing_fields"": 1, ""text_mismatch"": 196}","{""stop"": 1000}","{""boundary_and_label_error"": 353, ""boundary_error"": 442, ""label_error"": 249, ""missing_entity"": 939, ""rejected_prediction"": 234, ""spurious_prediction"": 634}",1613.6810862399975,1281.720832,3292.9453897000003,4186.667941399999,6079.15503749,0.6197011345842057,exact_token_span_v1,localhost_http_batch1_concurrency1_v1
completed,llm_http,qwen3-14b,gpu,cuda,,,three-shot,1771,1000,0.4709205716184779,0.4698275862068966,0.4703734439834025,0.8342691751085384,1417,1592,1599,1000,0,1000,751,0,{},"{""invalid_label"": 34, ""overlapping_prediction"": 1, ""text_mismatch"": 374}","{""stop"": 1000}","{""boundary_and_label_error"": 244, ""boundary_error"": 312, ""label_error"": 273, ""missing_entity"": 770, ""rejected_prediction"": 409, ""spurious_prediction"": 354}",1765.8663090359976,1643.125994,3286.9086988999998,3967.3261685499992,5813.851929009999,0.5662942856336101,exact_token_span_v1,localhost_http_batch1_concurrency1_v1
completed,llm_http,qwen3-14b,gpu,cuda,,,three-shot,2401,1000,0.47708978328173374,0.5109416445623343,0.49343579891130324,0.8333429811866859,1541,1689,1475,1000,0,1000,788,0,{},"{""invalid_label"": 47, ""overlapping_prediction"": 3, ""text_mismatch"": 258}","{""stop"": 1000}","{""boundary_and_label_error"": 266, ""boundary_error"": 284, ""label_error"": 299, ""missing_entity"": 626, ""rejected_prediction"": 308, ""spurious_prediction"": 532}",1855.9000668310018,1707.4543195,3476.4135703,4209.67263275,5574.583093689999,0.5388221154103013,exact_token_span_v1,localhost_http_batch1_concurrency1_v1
completed,llm_http,qwen3-14b,gpu,cuda,,,three-shot,42,1000,0.48415841584158414,0.4864058355437666,0.48527952365200133,0.8364688856729378,1467,1563,1549,1000,0,1000,826,0,{},"{""invalid_label"": 52, ""missing_fields"": 1, ""overlapping_prediction"": 1, ""text_mismatch"": 222}","{""stop"": 1000}","{""boundary_and_label_error"": 285, ""boundary_error"": 332, ""label_error"": 229, ""missing_entity"": 703, ""rejected_prediction"": 276, ""spurious_prediction"": 441}",1751.5569379829997,1657.5230245,3287.8095597,4057.1778153499986,5366.575597449997,0.5709206354156817,exact_token_span_v1,localhost_http_batch1_concurrency1_v1
completed,llm_http,qwen3-14b,gpu,cuda,,,zero-shot,fixed,1000,0.3602914389799636,0.32791777188328913,0.3433431695886131,0.789985528219971,989,1756,2027,1000,0,1000,791,0,{},"{""invalid_label"": 28, ""out_of_range_indices"": 2, ""text_mismatch"": 275}","{""stop"": 1000}","{""boundary_and_label_error"": 323, ""boundary_error"": 384, ""label_error"": 240, ""missing_entity"": 1080, ""rejected_prediction"": 305, ""spurious_prediction"": 504}",1501.9733621739979,1192.4308995000001,3059.6277327000003,3863.928133499999,5309.252026859997,0.6657907691202807,exact_token_span_v1,localhost_http_batch1_concurrency1_v1
completed,llm_http,qwen3-4b,gpu,cuda,,,one-shot,1771,1000,0.1014157757873447,0.11637931034482758,0.10838351088466883,0.706917510853835,351,3110,2665,1000,0,997,287,3,"{""invalid_json"": 3}","{""duplicate_prediction"": 4, ""invalid_label"": 24, ""missing_fields"": 23, ""out_of_range_indices"": 12, ""text_mismatch"": 2231}","{""length"": 3, ""stop"": 997}","{""boundary_and_label_error"": 186, ""boundary_error"": 169, ""label_error"": 118, ""missing_entity"": 2192, ""rejected_prediction"": 2294, ""spurious_prediction"": 343}",695.2407449170001,603.1317595,1437.8030052000001,1733.5017859499999,2500.0741931099997,1.43835068256735,exact_token_span_v1,localhost_http_batch1_concurrency1_v1
completed,llm_http,qwen3-4b,gpu,cuda,,,one-shot,2401,1000,0.11320754716981132,0.11737400530503979,0.11525313364805469,0.717684515195369,354,2773,2662,1000,0,999,248,1,"{""invalid_json"": 1}","{""duplicate_prediction"": 2, ""invalid_label"": 21, ""missing_fields"": 5, ""out_of_range_indices"": 15, ""text_mismatch"": 2139}","{""length"": 1, ""stop"": 999}","{""boundary_and_label_error"": 142, ""boundary_error"": 132, ""label_error"": 90, ""missing_entity"": 2298, ""rejected_prediction"": 2182, ""spurious_prediction"": 227}",637.6694684850003,574.9593729999999,1238.8487494,1560.8842421999996,2194.7985238899996,1.5682105689893522,exact_token_span_v1,localhost_http_batch1_concurrency1_v1
completed,llm_http,qwen3-4b,gpu,cuda,,,one-shot,42,1000,0.1875,0.19993368700265252,0.19351732991014123,0.7329667149059335,603,2613,2413,1000,0,998,487,2,"{""invalid_json"": 2}","{""duplicate_prediction"": 1, ""invalid_label"": 4, ""non_integer_indices"": 2, ""out_of_range_indices"": 12, ""text_mismatch"": 1160}","{""length"": 2, ""stop"": 998}","{""boundary_and_label_error"": 312, ""boundary_error"": 336, ""label_error"": 182, ""missing_entity"": 1583, ""rejected_prediction"": 1179, ""spurious_prediction"": 604}",639.308751462,457.30318150000005,1329.1931002000001,1610.18266165,2377.022598149999,1.564189443227791,exact_token_span_v1,localhost_http_batch1_concurrency1_v1
completed,llm_http,qwen3-4b,gpu,cuda,,,three-shot,1771,1000,0.18031885651456844,0.21750663129973474,0.1971746318004208,0.7293777134587555,656,2982,2360,1000,0,995,307,5,"{""invalid_json"": 5}","{""duplicate_prediction"": 5, ""invalid_label"": 26, ""missing_fields"": 12, ""non_integer_indices"": 1, ""out_of_range_indices"": 5, ""overlapping_prediction"": 7, ""text_mismatch"": 1749}","{""length"": 5, ""stop"": 995}","{""boundary_and_label_error"": 227, ""boundary_error"": 229, ""label_error"": 201, ""missing_entity"": 1703, ""rejected_prediction"": 1805, ""spurious_prediction"": 520}",764.7127968710018,635.9449050000001,1491.1347984000004,1813.8817972499983,2635.1390938,1.3076804835641953,exact_token_span_v1,localhost_http_batch1_concurrency1_v1
completed,llm_http,qwen3-4b,gpu,cuda,,,three-shot,2401,1000,0.15295387105476127,0.1879973474801061,0.16867469879518074,0.7278147612156295,567,3140,2449,1000,0,1000,215,0,{},"{""duplicate_prediction"": 2, ""invalid_label"": 46, ""out_of_range_indices"": 8, ""overlapping_prediction"": 1, ""text_mismatch"": 2228}","{""stop"": 1000}","{""boundary_and_label_error"": 171, ""boundary_error"": 153, ""label_error"": 124, ""missing_entity"": 2001, ""rejected_prediction"": 2285, ""spurious_prediction"": 407}",760.0562467540003,656.770711,1473.522203,1709.201808649999,2286.2153206499997,1.3156921007764046,exact_token_span_v1,localhost_http_batch1_concurrency1_v1
completed,llm_http,qwen3-4b,gpu,cuda,,,three-shot,42,1000,0.22393472348141433,0.24568965517241378,0.2343083003952569,0.7413603473227207,741,2568,2275,1000,0,998,405,2,"{""invalid_json"": 2}","{""duplicate_prediction"": 1, ""invalid_label"": 19, ""missing_fields"": 1, ""non_integer_indices"": 3, ""out_of_range_indices"": 7, ""overlapping_prediction"": 2, ""text_mismatch"": 1374}","{""length"": 2, ""stop"": 998}","{""boundary_and_label_error"": 252, ""boundary_error"": 217, ""label_error"": 160, ""missing_entity"": 1646, ""rejected_prediction"": 1407, ""spurious_prediction"": 532}",688.0353888860001,595.088722,1341.0276832,1678.9374271499992,2406.2752307799997,1.453413612371164,exact_token_span_v1,localhost_http_batch1_concurrency1_v1
completed,llm_http,qwen3-4b,gpu,cuda,,,zero-shot,fixed,1000,0.15521628498727735,0.14157824933687002,0.14808392578463672,0.7140376266280752,427,2324,2589,1000,0,998,554,2,"{""invalid_json"": 2}","{""duplicate_prediction"": 1, ""invalid_label"": 25, ""missing_fields"": 14, ""non_integer_indices"": 1, ""not_an_object"": 2, ""out_of_range_indices"": 9, ""overlapping_prediction"": 1, ""text_mismatch"": 988}","{""length"": 2, ""stop"": 998}","{""boundary_and_label_error"": 299, ""boundary_error"": 230, ""label_error"": 171, ""missing_entity"": 1889, ""rejected_prediction"": 1041, ""spurious_prediction"": 583}",550.2337441249996,382.388623,1278.0675439000001,1661.0979331999993,2417.7960703300005,1.8174094385836588,exact_token_span_v1,localhost_http_batch1_concurrency1_v1
completed,llm_http,qwen3-8b,gpu,cuda,,,one-shot,1771,1000,0.28923692102632453,0.28779840848806365,0.2885158716968589,0.7672937771345876,868,2133,2148,1000,0,997,715,3,"{""invalid_json"": 3}","{""duplicate_prediction"": 1, ""invalid_label"": 15, ""missing_fields"": 1, ""out_of_range_indices"": 3, ""overlapping_prediction"": 6, ""text_mismatch"": 459}","{""length"": 3, ""stop"": 997}","{""boundary_and_label_error"": 328, ""boundary_error"": 369, ""label_error"": 294, ""missing_entity"": 1157, ""rejected_prediction"": 485, ""spurious_prediction"": 657}",982.6782362079988,743.1032705,2149.6427776,2651.01518375,3577.6003082499983,1.0176270961885177,exact_token_span_v1,localhost_http_batch1_concurrency1_v1
completed,llm_http,qwen3-8b,gpu,cuda,,,one-shot,2401,1000,0.31603435934144597,0.2927718832891247,0.3039586919104991,0.7778292329956584,883,1911,2133,1000,0,999,678,1,"{""invalid_json"": 1}","{""duplicate_prediction"": 1, ""invalid_label"": 12, ""overlapping_prediction"": 7, ""text_mismatch"": 528}","{""length"": 1, ""stop"": 999}","{""boundary_and_label_error"": 280, ""boundary_error"": 292, ""label_error"": 281, ""missing_entity"": 1280, ""rejected_prediction"": 548, ""spurious_prediction"": 510}",927.9285372309992,731.2594409999999,1943.5228396000002,2482.5230553999995,3345.7987008999994,1.077669195285304,exact_token_span_v1,localhost_http_batch1_concurrency1_v1
completed,llm_http,qwen3-8b,gpu,cuda,,,one-shot,42,1000,0.2452558941920644,0.2828249336870027,0.2627040344933785,0.7689146164978292,853,2625,2163,1000,0,998,825,3,"{""invalid_json"": 2}","{""duplicate_prediction"": 2, ""invalid_label"": 9, ""overlapping_prediction"": 2, ""text_mismatch"": 284}","{""length"": 3, ""stop"": 997}","{""boundary_and_label_error"": 415, ""boundary_error"": 535, ""label_error"": 312, ""missing_entity"": 901, ""rejected_prediction"": 297, ""spurious_prediction"": 1066}",1085.6696353540017,898.044208,2257.4824733,2823.4770532499992,3972.0686613099997,0.9210905117318975,exact_token_span_v1,localhost_http_batch1_concurrency1_v1
completed,llm_http,qwen3-8b,gpu,cuda,,,three-shot,1771,1000,0.3523608174770965,0.33156498673740054,0.341646737273659,0.7847178002894356,1000,1838,2016,1000,0,999,742,1,"{""invalid_json"": 1}","{""duplicate_prediction"": 1, ""invalid_label"": 13, ""overlapping_prediction"": 5, ""text_mismatch"": 438}","{""length"": 1, ""stop"": 999}","{""boundary_and_label_error"": 287, ""boundary_error"": 299, ""label_error"": 268, ""missing_entity"": 1162, ""rejected_prediction"": 457, ""spurious_prediction"": 527}",978.9386938399998,782.687407,2079.7644813000006,2558.72990535,3491.8622549599986,1.0215144281174389,exact_token_span_v1,localhost_http_batch1_concurrency1_v1
completed,llm_http,qwen3-8b,gpu,cuda,,,three-shot,2401,1000,0.3574660633484163,0.366710875331565,0.36202945990180035,0.7889435600578871,1106,1988,1910,1000,0,996,706,4,"{""invalid_json"": 4}","{""duplicate_prediction"": 3, ""invalid_label"": 19, ""overlapping_prediction"": 3, ""text_mismatch"": 472}","{""length"": 4, ""stop"": 996}","{""boundary_and_label_error"": 277, ""boundary_error"": 282, ""label_error"": 339, ""missing_entity"": 1012, ""rejected_prediction"": 497, ""spurious_prediction"": 593}",1064.6626449069993,961.3901715,2154.3353648,2637.2558869000004,3621.5079096699983,0.9392646626456518,exact_token_span_v1,localhost_http_batch1_concurrency1_v1
completed,llm_http,qwen3-8b,gpu,cuda,,,three-shot,42,1000,0.37835998638992857,0.3687002652519894,0.3734676742233417,0.7924746743849493,1112,1827,1904,1000,0,1000,748,0,{},"{""invalid_label"": 8, ""out_of_range_indices"": 1, ""overlapping_prediction"": 1, ""text_mismatch"": 383}","{""stop"": 1000}","{""boundary_and_label_error"": 317, ""boundary_error"": 289, ""label_error"": 233, ""missing_entity"": 1065, ""rejected_prediction"": 393, ""spurious_prediction"": 595}",990.0143662840003,822.7034745,1934.0447516000004,2380.9655259499996,3405.507435949998,1.0100863523359571,exact_token_span_v1,localhost_http_batch1_concurrency1_v1
completed,llm_http,qwen3-8b,gpu,cuda,,,zero-shot,fixed,1000,0.24525377760557923,0.20988063660477455,0.22619260318027515,0.751027496382055,633,1948,2383,1000,0,998,804,2,"{""invalid_json"": 2}","{""duplicate_prediction"": 2, ""invalid_label"": 4, ""overlapping_prediction"": 1, ""text_mismatch"": 285}","{""length"": 2, ""stop"": 998}","{""boundary_and_label_error"": 360, ""boundary_error"": 407, ""label_error"": 218, ""missing_entity"": 1398, ""rejected_prediction"": 292, ""spurious_prediction"": 671}",823.4245763759993,522.9774315,1908.3545333000002,2385.690599299996,3724.68769581,1.2144403126770063,exact_token_span_v1,localhost_http_batch1_concurrency1_v1
completed,llm_http,qwen3.5-2b,gpu,cuda,,,one-shot,1771,1000,0.021120689655172414,0.016246684350132625,0.01836581709145427,0.690767004341534,49,2271,2967,1000,0,992,182,8,"{""invalid_json"": 8}","{""invalid_label"": 14, ""out_of_range_indices"": 90, ""text_mismatch"": 2013}","{""length"": 8, ""stop"": 992}","{""boundary_and_label_error"": 30, ""boundary_error"": 11, ""label_error"": 18, ""missing_entity"": 2908, ""rejected_prediction"": 2117, ""spurious_prediction"": 95}",287.8436940759998,166.1115475,584.3516776,943.0897346999998,1526.3953472099997,3.474107720893717,exact_token_span_v1,localhost_http_batch1_concurrency1_v1
completed,llm_http,qwen3.5-2b,gpu,cuda,,,one-shot,2401,1000,0.036929761042722664,0.016909814323607428,0.02319763475096657,0.6947612156295224,51,1330,2965,1000,0,994,308,6,"{""invalid_json"": 6}","{""invalid_label"": 8, ""out_of_range_indices"": 5, ""text_mismatch"": 1175}","{""length"": 6, ""stop"": 994}","{""boundary_and_label_error"": 37, ""boundary_error"": 25, ""label_error"": 23, ""missing_entity"": 2880, ""rejected_prediction"": 1188, ""spurious_prediction"": 57}",205.25469563300015,162.0828875,343.62997950000005,500.61876824999996,1310.4851241599993,4.871995726655734,exact_token_span_v1,localhost_http_batch1_concurrency1_v1
completed,llm_http,qwen3.5-2b,gpu,cuda,,,one-shot,42,1000,0.08033077377436504,0.04509283819628647,0.05776173285198556,0.7031548480463097,136,1557,2880,1000,0,995,502,5,"{""invalid_json"": 5}","{""invalid_label"": 2, ""out_of_range_indices"": 23, ""text_mismatch"": 916}","{""length"": 5, ""stop"": 995}","{""boundary_and_label_error"": 159, ""boundary_error"": 141, ""label_error"": 90, ""missing_entity"": 2490, ""rejected_prediction"": 941, ""spurious_prediction"": 226}",229.4863219440003,164.30983700000002,418.38206650000006,530.0134289999997,1137.7094771499992,4.357558182679061,exact_token_span_v1,localhost_http_batch1_concurrency1_v1
completed,llm_http,qwen3.5-2b,gpu,cuda,,,three-shot,1771,1000,0.027914614121510674,0.028183023872679045,0.028048176868503544,0.6893198263386396,85,2960,2931,1000,0,965,272,35,"{""invalid_json"": 35}","{""invalid_label"": 1, ""out_of_range_indices"": 125, ""text_mismatch"": 2349}","{""length"": 35, ""stop"": 965}","{""boundary_and_label_error"": 83, ""boundary_error"": 52, ""label_error"": 63, ""missing_entity"": 2733, ""rejected_prediction"": 2475, ""spurious_prediction"": 287}",394.09757609999986,174.09309050000002,1004.5897952000001,1345.3954063999984,1641.7156550700001,2.5374426554358105,exact_token_span_v1,localhost_http_batch1_concurrency1_v1
completed,llm_http,qwen3.5-2b,gpu,cuda,,,three-shot,2401,1000,0.03987408184679958,0.050397877984084884,0.04452255418863504,0.6703328509406657,152,3660,2864,1000,0,973,267,27,"{""invalid_json"": 27}","{""invalid_label"": 5, ""out_of_range_indices"": 56, ""text_mismatch"": 2411}","{""length"": 27, ""stop"": 973}","{""boundary_and_label_error"": 153, ""boundary_error"": 95, ""label_error"": 119, ""missing_entity"": 2497, ""rejected_prediction"": 2472, ""spurious_prediction"": 821}",448.47805500600043,311.8909545,1012.9259367000002,1411.8920984000001,1640.56692492,2.2297635053439135,exact_token_span_v1,localhost_http_batch1_concurrency1_v1
completed,llm_http,qwen3.5-2b,gpu,cuda,,,three-shot,42,1000,0.10952738184546136,0.09681697612732096,0.10278071101724745,0.7118379160636759,292,2374,2724,1000,0,985,706,15,"{""invalid_json"": 15}","{""duplicate_prediction"": 1, ""invalid_label"": 2, ""out_of_range_indices"": 5, ""text_mismatch"": 556}","{""length"": 15, ""stop"": 985}","{""boundary_and_label_error"": 338, ""boundary_error"": 344, ""label_error"": 276, ""missing_entity"": 1766, ""rejected_prediction"": 564, ""spurious_prediction"": 852}",330.2861324370001,182.2750095,688.9618123,928.9242360999999,1640.34748685,3.0276778277717833,exact_token_span_v1,localhost_http_batch1_concurrency1_v1
completed,llm_http,qwen3.5-2b,gpu,cuda,,,zero-shot,fixed,1000,0.03904282115869018,0.020557029177718834,0.02693310165073849,0.6947612156295224,62,1526,2954,1000,0,996,318,4,"{""invalid_json"": 4}","{""invalid_label"": 4, ""out_of_range_indices"": 25, ""text_mismatch"": 1215}","{""length"": 4, ""stop"": 996}","{""boundary_and_label_error"": 80, ""boundary_error"": 55, ""label_error"": 28, ""missing_entity"": 2791, ""rejected_prediction"": 1244, ""spurious_prediction"": 119}",219.85841118399995,162.355356,426.2773245,606.8014354999999,1032.20919438,4.548381818165228,exact_token_span_v1,localhost_http_batch1_concurrency1_v1
completed,llm_http,trendyol-llm-7b-chat-v4.1.0,gpu,cuda,,,one-shot,1771,1000,0.02040816326530612,0.03083554376657825,0.02456094018222633,0.67027496382055,93,4464,2923,1000,0,878,87,123,"{""invalid_json"": 122}","{""invalid_label"": 345, ""missing_fields"": 2, ""out_of_range_indices"": 150, ""text_mismatch"": 3186}","{""length"": 123, ""stop"": 877}","{""boundary_and_label_error"": 64, ""boundary_error"": 37, ""label_error"": 93, ""missing_entity"": 2729, ""rejected_prediction"": 3683, ""spurious_prediction"": 587}",2246.7495169389995,1848.9396115,4662.4761115,4665.990847700001,4671.99477271,0.44508744408785406,exact_token_span_v1,localhost_http_batch1_concurrency1_v1
completed,llm_http,trendyol-llm-7b-chat-v4.1.0,gpu,cuda,,,one-shot,2401,1000,0.015670910871694418,0.021220159151193633,0.018028169014084508,0.6763531114327063,64,4020,2952,1000,0,857,102,144,"{""invalid_json"": 143}","{""invalid_label"": 456, ""missing_fields"": 2, ""out_of_range_indices"": 175, ""text_mismatch"": 2877}","{""length"": 144, ""stop"": 856}","{""boundary_and_label_error"": 33, ""boundary_error"": 27, ""label_error"": 57, ""missing_entity"": 2835, ""rejected_prediction"": 3510, ""spurious_prediction"": 393}",2192.3949577810017,1771.9031555000001,4670.339044800001,4672.37087705,4673.951755439999,0.4561221947947437,exact_token_span_v1,localhost_http_batch1_concurrency1_v1
completed,llm_http,trendyol-llm-7b-chat-v4.1.0,gpu,cuda,,,one-shot,42,1000,0.050959232613908875,0.05636604774535809,0.05352644836272041,0.6562662807525326,170,3166,2846,1000,0,671,301,329,"{""invalid_json"": 329}","{""invalid_label"": 269, ""out_of_range_indices"": 13, ""text_mismatch"": 791}","{""length"": 329, ""stop"": 671}","{""boundary_and_label_error"": 190, ""boundary_error"": 221, ""label_error"": 237, ""missing_entity"": 2198, ""rejected_prediction"": 1073, ""spurious_prediction"": 1445}",2727.1810436649994,2777.788336,4667.4862009,4668.3271739500005,4669.21972954,0.36667899343276517,exact_token_span_v1,localhost_http_batch1_concurrency1_v1
completed,llm_http,trendyol-llm-7b-chat-v4.1.0,gpu,cuda,,,three-shot,1771,1000,0.028725754971765282,0.03879310344827586,0.033008887008040624,0.6868885672937771,117,3956,2899,1000,0,882,61,119,"{""invalid_json"": 118}","{""invalid_label"": 299, ""missing_fields"": 1, ""out_of_range_indices"": 188, ""text_mismatch"": 3049}","{""length"": 119, ""stop"": 881}","{""boundary_and_label_error"": 35, ""boundary_error"": 33, ""label_error"": 53, ""missing_entity"": 2778, ""rejected_prediction"": 3537, ""spurious_prediction"": 298}",2104.1359266939985,1568.3444035,4699.9688903,4701.78945605,4710.21564498,0.47525446779058234,exact_token_span_v1,localhost_http_batch1_concurrency1_v1
completed,llm_http,trendyol-llm-7b-chat-v4.1.0,gpu,cuda,,,three-shot,2401,1000,0.037192982456140354,0.05271883289124669,0.0436154162666301,0.6718958031837916,159,4116,2857,1000,0,743,56,258,"{""invalid_json"": 257}","{""invalid_label"": 671, ""out_of_range_indices"": 92, ""text_mismatch"": 2478}","{""length"": 258, ""stop"": 742}","{""boundary_and_label_error"": 71, ""boundary_error"": 43, ""label_error"": 93, ""missing_entity"": 2650, ""rejected_prediction"": 3241, ""spurious_prediction"": 668}",2806.839688030001,2564.4786395,4690.3913254,4691.5224895,4700.4945823200005,0.35627257383618394,exact_token_span_v1,localhost_http_batch1_concurrency1_v1
completed,llm_http,trendyol-llm-7b-chat-v4.1.0,gpu,cuda,,,three-shot,42,1000,0.06265664160401002,0.07460212201591512,0.06810958074769184,0.6826628075253256,225,3366,2791,1000,0,801,152,201,"{""invalid_json"": 199}","{""invalid_label"": 307, ""missing_fields"": 1, ""out_of_range_indices"": 43, ""text_mismatch"": 1527}","{""length"": 201, ""stop"": 799}","{""boundary_and_label_error"": 179, ""boundary_error"": 227, ""label_error"": 181, ""missing_entity"": 2204, ""rejected_prediction"": 1878, ""spurious_prediction"": 901}",2279.706551341998,1562.8821985,4702.1728161,4709.9872858,4711.49057259,0.43865294829780993,exact_token_span_v1,localhost_http_batch1_concurrency1_v1
completed,llm_http,trendyol-llm-7b-chat-v4.1.0,gpu,cuda,,,zero-shot,fixed,1000,0.061605206073752715,0.047082228116710874,0.053373426047735394,0.683589001447178,142,2163,2874,1000,0,904,481,97,"{""invalid_json"": 96}","{""invalid_label"": 90, ""out_of_range_indices"": 22, ""text_mismatch"": 1099}","{""length"": 97, ""stop"": 903}","{""boundary_and_label_error"": 138, ""boundary_error"": 140, ""label_error"": 124, ""missing_entity"": 2472, ""rejected_prediction"": 1211, ""spurious_prediction"": 550}",1317.6376551500007,437.32443,4486.8976129,4653.352990900001,4660.19598826,0.7589339877252972,exact_token_span_v1,localhost_http_batch1_concurrency1_v1
completed,transformer_http,dbmdz-bert-base-turkish-cased-wiki-tuned,cpu,cpu,torch.float32,,fine-tuned,fixed,1000,0.8036974789915966,0.7927718832891246,0.7981972959439158,0.9390448625180897,2391,584,625,1000,0,,,0,{},{},{},"{""boundary_and_label_error"": 98, ""boundary_error"": 200, ""label_error"": 125, ""missing_entity"": 202, ""rejected_prediction"": 0, ""spurious_prediction"": 161}",50.22416762200011,48.65329800000001,66.4229273,70.53122965,76.18741997,19.910733165878526,exact_token_span_v1,localhost_http_batch1_concurrency1_v1
completed,transformer_http,dbmdz-bert-base-turkish-cased-wiki-tuned,gpu,cuda,torch.float32,NVIDIA A100-SXM4-40GB,fine-tuned,fixed,1000,0.8036974789915966,0.7927718832891246,0.7981972959439158,0.9390448625180897,2391,584,625,1000,0,,,0,{},{},{},"{""boundary_and_label_error"": 98, ""boundary_error"": 200, ""label_error"": 125, ""missing_entity"": 202, ""rejected_prediction"": 0, ""spurious_prediction"": 161}",10.846996049000007,10.731902,11.513244900000002,11.830771499999999,13.05193655,92.19142290479499,exact_token_span_v1,localhost_http_batch1_concurrency1_v1
completed,transformer_http,dbmdz-distilbert-base-turkish-cased-wiki-tuned,cpu,cpu,torch.float32,,fine-tuned,fixed,1000,0.7542857142857143,0.7440318302387268,0.7491236855282923,0.9234153400868307,2244,731,772,1000,0,,,0,{},{},{},"{""boundary_and_label_error"": 126, ""boundary_error"": 231, ""label_error"": 185, ""missing_entity"": 230, ""rejected_prediction"": 0, ""spurious_prediction"": 189}",28.788127293000016,26.962511,38.00394,39.997728450000004,43.26633887,34.736542249594514,exact_token_span_v1,localhost_http_batch1_concurrency1_v1
completed,transformer_http,dbmdz-distilbert-base-turkish-cased-wiki-tuned,gpu,cuda,torch.float32,NVIDIA A100-SXM4-40GB,fine-tuned,fixed,1000,0.7542857142857143,0.7440318302387268,0.7491236855282923,0.9234153400868307,2244,731,772,1000,0,,,0,{},{},{},"{""boundary_and_label_error"": 126, ""boundary_error"": 231, ""label_error"": 185, ""missing_entity"": 230, ""rejected_prediction"": 0, ""spurious_prediction"": 189}",6.9123148859999946,6.807320499999999,7.566654300000001,7.884510699999998,8.91374431,144.6693353084032,exact_token_span_v1,localhost_http_batch1_concurrency1_v1
